month,channel,spend_amount,currency,market
2015-01-01,ORGANIC,119.21,USD,us
2015-01-01,REFERRAL,215.95,USD,us
2015-01-01,PAID_SEARCH,488.17,USD,us
2015-01-01,PAID_SOCIAL,362.17,USD,us
2015-01-01,EMAIL,101.0,USD,us
2015-01-01,AFFILIATE,292.06,USD,us
2015-02-01,ORGANIC,239.76,USD,us
2015-02-01,REFERRAL,329.38,USD,us
2015-02-01,PAID_SEARCH,914.66,USD,us
2015-02-01,PAID_SOCIAL,639.22,USD,us
2015-02-01,EMAIL,155.5,USD,us
2015-02-01,AFFILIATE,500.23,USD,us
2015-03-01,ORGANIC,173.54,USD,us
2015-03-01,REFERRAL,287.6,USD,us
2015-03-01,PAID_SEARCH,773.19,USD,us
2015-03-01,PAID_SOCIAL,653.61,USD,us
2015-03-01,EMAIL,135.32,USD,us
2015-03-01,AFFILIATE,430.54,USD,us
2015-04-01,ORGANIC,211.59,USD,us
2015-04-01,REFERRAL,324.4,USD,us
2015-04-01,PAID_SEARCH,863.62,USD,us
2015-04-01,PAID_SOCIAL,692.3,USD,us
2015-04-01,EMAIL,149.26,USD,us
2015-04-01,AFFILIATE,421.21,USD,us
2015-05-01,ORGANIC,185.27,USD,us
2015-05-01,REFERRAL,271.06,USD,us
2015-05-01,PAID_SEARCH,941.19,USD,us
2015-05-01,PAID_SOCIAL,551.27,USD,us
2015-05-01,EMAIL,159.62,USD,us
2015-05-01,AFFILIATE,421.24,USD,us
2015-06-01,ORGANIC,223.5,USD,us
2015-06-01,REFERRAL,250.25,USD,us
2015-06-01,PAID_SEARCH,871.3,USD,us
2015-06-01,PAID_SOCIAL,596.52,USD,us
2015-06-01,EMAIL,141.0,USD,us
2015-06-01,AFFILIATE,389.97,USD,us
2015-07-01,ORGANIC,187.63,USD,us
2015-07-01,REFERRAL,273.65,USD,us
2015-07-01,PAID_SEARCH,671.3,USD,us
2015-07-01,PAID_SOCIAL,451.91,USD,us
2015-07-01,EMAIL,113.88,USD,us
2015-07-01,AFFILIATE,365.6,USD,us
2015-08-01,ORGANIC,174.45,USD,us
2015-08-01,REFERRAL,296.46,USD,us
2015-08-01,PAID_SEARCH,1014.49,USD,us
2015-08-01,PAID_SOCIAL,627.57,USD,us
2015-08-01,EMAIL,161.13,USD,us
2015-08-01,AFFILIATE,357.56,USD,us
2015-09-01,ORGANIC,175.45,USD,us
2015-09-01,REFERRAL,323.87,USD,us
2015-09-01,PAID_SEARCH,777.41,USD,us
2015-09-01,PAID_SOCIAL,670.42,USD,us
2015-09-01,EMAIL,152.15,USD,us
2015-09-01,AFFILIATE,542.25,USD,us
2015-10-01,ORGANIC,190.55,USD,us
2015-10-01,REFERRAL,311.67,USD,us
2015-10-01,PAID_SEARCH,736.47,USD,us
2015-10-01,PAID_SOCIAL,667.92,USD,us
2015-10-01,EMAIL,158.11,USD,us
2015-10-01,AFFILIATE,365.55,USD,us
2015-11-01,ORGANIC,684.79,USD,us
2015-11-01,REFERRAL,1204.54,USD,us
2015-11-01,PAID_SEARCH,3178.48,USD,us
2015-11-01,PAID_SOCIAL,1823.98,USD,us
2015-11-01,EMAIL,505.79,USD,us
2015-11-01,AFFILIATE,1669.0,USD,us
2015-12-01,ORGANIC,516.51,USD,us
2015-12-01,REFERRAL,802.11,USD,us
2015-12-01,PAID_SEARCH,2314.4,USD,us
2015-12-01,PAID_SOCIAL,1367.78,USD,us
2015-12-01,EMAIL,357.25,USD,us
2015-12-01,AFFILIATE,1016.74,USD,us
2016-01-01,ORGANIC,167.76,USD,us
2016-01-01,REFERRAL,252.2,USD,us
2016-01-01,PAID_SEARCH,678.62,USD,us
2016-01-01,PAID_SOCIAL,493.66,USD,us
2016-01-01,EMAIL,126.16,USD,us
2016-01-01,AFFILIATE,306.38,USD,us
2016-02-01,ORGANIC,226.37,USD,us
2016-02-01,REFERRAL,356.79,USD,us
2016-02-01,PAID_SEARCH,1057.0,USD,us
2016-02-01,PAID_SOCIAL,711.09,USD,us
2016-02-01,EMAIL,156.29,USD,us
2016-02-01,AFFILIATE,501.38,USD,us
2016-03-01,ORGANIC,243.2,USD,us
2016-03-01,REFERRAL,309.63,USD,us
2016-03-01,PAID_SEARCH,805.95,USD,us
2016-03-01,PAID_SOCIAL,801.39,USD,us
2016-03-01,EMAIL,135.76,USD,us
2016-03-01,AFFILIATE,369.92,USD,us
2016-04-01,ORGANIC,208.43,USD,us
2016-04-01,REFERRAL,327.32,USD,us
2016-04-01,PAID_SEARCH,801.03,USD,us
2016-04-01,PAID_SOCIAL,723.71,USD,us
2016-04-01,EMAIL,164.78,USD,us
2016-04-01,AFFILIATE,418.86,USD,us
2016-05-01,ORGANIC,255.11,USD,us
2016-05-01,REFERRAL,337.92,USD,us
2016-05-01,PAID_SEARCH,997.11,USD,us
2016-05-01,PAID_SOCIAL,604.9,USD,us
2016-05-01,EMAIL,136.99,USD,us
2016-05-01,AFFILIATE,460.24,USD,us
2016-06-01,ORGANIC,251.32,USD,us
2016-06-01,REFERRAL,291.28,USD,us
2016-06-01,PAID_SEARCH,908.85,USD,us
2016-06-01,PAID_SOCIAL,620.56,USD,us
2016-06-01,EMAIL,148.97,USD,us
2016-06-01,AFFILIATE,448.5,USD,us
2016-07-01,ORGANIC,171.32,USD,us
2016-07-01,REFERRAL,239.45,USD,us
2016-07-01,PAID_SEARCH,660.47,USD,us
2016-07-01,PAID_SOCIAL,488.3,USD,us
2016-07-01,EMAIL,142.93,USD,us
2016-07-01,AFFILIATE,396.35,USD,us
2016-08-01,ORGANIC,224.56,USD,us
2016-08-01,REFERRAL,294.54,USD,us
2016-08-01,PAID_SEARCH,986.13,USD,us
2016-08-01,PAID_SOCIAL,758.04,USD,us
2016-08-01,EMAIL,160.62,USD,us
2016-08-01,AFFILIATE,433.1,USD,us
2016-09-01,ORGANIC,198.24,USD,us
2016-09-01,REFERRAL,330.23,USD,us
2016-09-01,PAID_SEARCH,1040.91,USD,us
2016-09-01,PAID_SOCIAL,788.56,USD,us
2016-09-01,EMAIL,156.39,USD,us
2016-09-01,AFFILIATE,463.7,USD,us
2016-10-01,ORGANIC,188.65,USD,us
2016-10-01,REFERRAL,347.65,USD,us
2016-10-01,PAID_SEARCH,821.56,USD,us
2016-10-01,PAID_SOCIAL,756.87,USD,us
2016-10-01,EMAIL,208.15,USD,us
2016-10-01,AFFILIATE,414.92,USD,us
2016-11-01,ORGANIC,958.87,USD,us
2016-11-01,REFERRAL,1189.64,USD,us
2016-11-01,PAID_SEARCH,2900.92,USD,us
2016-11-01,PAID_SOCIAL,2280.89,USD,us
2016-11-01,EMAIL,694.6,USD,us
2016-11-01,AFFILIATE,1615.92,USD,us
2016-12-01,ORGANIC,519.99,USD,us
2016-12-01,REFERRAL,825.26,USD,us
2016-12-01,PAID_SEARCH,2429.95,USD,us
2016-12-01,PAID_SOCIAL,1839.19,USD,us
2016-12-01,EMAIL,431.73,USD,us
2016-12-01,AFFILIATE,1346.9,USD,us
2017-01-01,ORGANIC,139.56,USD,us
2017-01-01,REFERRAL,260.73,USD,us
2017-01-01,PAID_SEARCH,697.34,USD,us
2017-01-01,PAID_SOCIAL,555.62,USD,us
2017-01-01,EMAIL,133.1,USD,us
2017-01-01,AFFILIATE,289.29,USD,us
2017-02-01,ORGANIC,171.54,USD,us
2017-02-01,REFERRAL,357.78,USD,us
2017-02-01,PAID_SEARCH,989.65,USD,us
2017-02-01,PAID_SOCIAL,722.42,USD,us
2017-02-01,EMAIL,142.36,USD,us
2017-02-01,AFFILIATE,577.44,USD,us
2017-03-01,ORGANIC,235.12,USD,us
2017-03-01,REFERRAL,350.61,USD,us
2017-03-01,PAID_SEARCH,1223.82,USD,us
2017-03-01,PAID_SOCIAL,920.83,USD,us
2017-03-01,EMAIL,202.12,USD,us
2017-03-01,AFFILIATE,426.89,USD,us
2017-04-01,ORGANIC,197.36,USD,us
2017-04-01,REFERRAL,371.51,USD,us
2017-04-01,PAID_SEARCH,1045.12,USD,us
2017-04-01,PAID_SOCIAL,939.84,USD,us
2017-04-01,EMAIL,143.73,USD,us
2017-04-01,AFFILIATE,518.05,USD,us
2017-05-01,ORGANIC,246.95,USD,us
2017-05-01,REFERRAL,382.68,USD,us
2017-05-01,PAID_SEARCH,962.71,USD,us
2017-05-01,PAID_SOCIAL,878.77,USD,us
2017-05-01,EMAIL,158.41,USD,us
2017-05-01,AFFILIATE,469.82,USD,us
2017-06-01,ORGANIC,201.28,USD,us
2017-06-01,REFERRAL,323.37,USD,us
2017-06-01,PAID_SEARCH,979.34,USD,us
2017-06-01,PAID_SOCIAL,794.43,USD,us
2017-06-01,EMAIL,158.7,USD,us
2017-06-01,AFFILIATE,421.1,USD,us
2017-07-01,ORGANIC,228.47,USD,us
2017-07-01,REFERRAL,282.54,USD,us
2017-07-01,PAID_SEARCH,881.14,USD,us
2017-07-01,PAID_SOCIAL,585.22,USD,us
2017-07-01,EMAIL,165.79,USD,us
2017-07-01,AFFILIATE,418.28,USD,us
2017-08-01,ORGANIC,214.75,USD,us
2017-08-01,REFERRAL,334.69,USD,us
2017-08-01,PAID_SEARCH,1090.77,USD,us
2017-08-01,PAID_SOCIAL,588.73,USD,us
2017-08-01,EMAIL,157.58,USD,us
2017-08-01,AFFILIATE,478.24,USD,us
2017-09-01,ORGANIC,221.78,USD,us
2017-09-01,REFERRAL,437.59,USD,us
2017-09-01,PAID_SEARCH,969.64,USD,us
2017-09-01,PAID_SOCIAL,918.17,USD,us
2017-09-01,EMAIL,202.85,USD,us
2017-09-01,AFFILIATE,516.46,USD,us
2017-10-01,ORGANIC,209.58,USD,us
2017-10-01,REFERRAL,304.97,USD,us
2017-10-01,PAID_SEARCH,1078.32,USD,us
2017-10-01,PAID_SOCIAL,972.87,USD,us
2017-10-01,EMAIL,181.11,USD,us
2017-10-01,AFFILIATE,543.7,USD,us
2017-11-01,ORGANIC,990.38,USD,us
2017-11-01,REFERRAL,1327.27,USD,us
2017-11-01,PAID_SEARCH,3125.74,USD,us
2017-11-01,PAID_SOCIAL,2938.97,USD,us
2017-11-01,EMAIL,683.43,USD,us
2017-11-01,AFFILIATE,1651.86,USD,us
2017-12-01,ORGANIC,672.25,USD,us
2017-12-01,REFERRAL,903.7,USD,us
2017-12-01,PAID_SEARCH,2696.39,USD,us
2017-12-01,PAID_SOCIAL,2095.96,USD,us
2017-12-01,EMAIL,453.63,USD,us
2017-12-01,AFFILIATE,1285.13,USD,us
2018-01-01,ORGANIC,139.92,USD,us
2018-01-01,REFERRAL,252.86,USD,us
2018-01-01,PAID_SEARCH,689.74,USD,us
2018-01-01,PAID_SOCIAL,661.98,USD,us
2018-01-01,EMAIL,118.4,USD,us
2018-01-01,AFFILIATE,410.39,USD,us
2018-02-01,ORGANIC,262.58,USD,us
2018-02-01,REFERRAL,399.09,USD,us
2018-02-01,PAID_SEARCH,981.47,USD,us
2018-02-01,PAID_SOCIAL,976.14,USD,us
2018-02-01,EMAIL,159.0,USD,us
2018-02-01,AFFILIATE,524.56,USD,us
2018-03-01,ORGANIC,253.62,USD,us
2018-03-01,REFERRAL,415.41,USD,us
2018-03-01,PAID_SEARCH,1177.09,USD,us
2018-03-01,PAID_SOCIAL,1109.88,USD,us
2018-03-01,EMAIL,188.53,USD,us
2018-03-01,AFFILIATE,519.97,USD,us
2018-04-01,ORGANIC,259.01,USD,us
2018-04-01,REFERRAL,412.17,USD,us
2018-04-01,PAID_SEARCH,1065.03,USD,us
2018-04-01,PAID_SOCIAL,1023.18,USD,us
2018-04-01,EMAIL,178.35,USD,us
2018-04-01,AFFILIATE,425.46,USD,us
2018-05-01,ORGANIC,248.69,USD,us
2018-05-01,REFERRAL,328.99,USD,us
2018-05-01,PAID_SEARCH,1160.83,USD,us
2018-05-01,PAID_SOCIAL,834.47,USD,us
2018-05-01,EMAIL,170.53,USD,us
2018-05-01,AFFILIATE,509.32,USD,us
2018-06-01,ORGANIC,266.83,USD,us
2018-06-01,REFERRAL,357.75,USD,us
2018-06-01,PAID_SEARCH,1003.12,USD,us
2018-06-01,PAID_SOCIAL,1021.74,USD,us
2018-06-01,EMAIL,179.77,USD,us
2018-06-01,AFFILIATE,574.49,USD,us
2018-07-01,ORGANIC,181.98,USD,us
2018-07-01,REFERRAL,328.0,USD,us
2018-07-01,PAID_SEARCH,1191.28,USD,us
2018-07-01,PAID_SOCIAL,817.9,USD,us
2018-07-01,EMAIL,159.11,USD,us
2018-07-01,AFFILIATE,377.37,USD,us
2018-08-01,ORGANIC,217.88,USD,us
2018-08-01,REFERRAL,395.29,USD,us
2018-08-01,PAID_SEARCH,1086.86,USD,us
2018-08-01,PAID_SOCIAL,1046.39,USD,us
2018-08-01,EMAIL,191.56,USD,us
2018-08-01,AFFILIATE,462.23,USD,us
2018-09-01,ORGANIC,262.39,USD,us
2018-09-01,REFERRAL,330.95,USD,us
2018-09-01,PAID_SEARCH,1037.97,USD,us
2018-09-01,PAID_SOCIAL,1008.44,USD,us
2018-09-01,EMAIL,212.55,USD,us
2018-09-01,AFFILIATE,478.95,USD,us
2018-10-01,ORGANIC,241.72,USD,us
2018-10-01,REFERRAL,383.81,USD,us
2018-10-01,PAID_SEARCH,1197.83,USD,us
2018-10-01,PAID_SOCIAL,1102.54,USD,us
2018-10-01,EMAIL,176.33,USD,us
2018-10-01,AFFILIATE,586.27,USD,us
2018-11-01,ORGANIC,944.62,USD,us
2018-11-01,REFERRAL,1558.66,USD,us
2018-11-01,PAID_SEARCH,4131.24,USD,us
2018-11-01,PAID_SOCIAL,3504.69,USD,us
2018-11-01,EMAIL,612.62,USD,us
2018-11-01,AFFILIATE,1591.53,USD,us
2018-12-01,ORGANIC,602.11,USD,us
2018-12-01,REFERRAL,993.61,USD,us
2018-12-01,PAID_SEARCH,2890.25,USD,us
2018-12-01,PAID_SOCIAL,2716.33,USD,us
2018-12-01,EMAIL,408.29,USD,us
2018-12-01,AFFILIATE,1359.05,USD,us
2019-01-01,ORGANIC,212.0,USD,us
2019-01-01,REFERRAL,314.15,USD,us
2019-01-01,PAID_SEARCH,935.47,USD,us
2019-01-01,PAID_SOCIAL,846.1,USD,us
2019-01-01,EMAIL,132.6,USD,us
2019-01-01,AFFILIATE,338.04,USD,us
2019-02-01,ORGANIC,264.04,USD,us
2019-02-01,REFERRAL,308.21,USD,us
2019-02-01,PAID_SEARCH,1217.83,USD,us
2019-02-01,PAID_SOCIAL,1162.84,USD,us
2019-02-01,EMAIL,187.83,USD,us
2019-02-01,AFFILIATE,712.8,USD,us
2019-03-01,ORGANIC,298.56,USD,us
2019-03-01,REFERRAL,450.3,USD,us
2019-03-01,PAID_SEARCH,1142.33,USD,us
2019-03-01,PAID_SOCIAL,1386.78,USD,us
2019-03-01,EMAIL,208.79,USD,us
2019-03-01,AFFILIATE,530.47,USD,us
2019-04-01,ORGANIC,253.32,USD,us
2019-04-01,REFERRAL,447.27,USD,us
2019-04-01,PAID_SEARCH,1183.43,USD,us
2019-04-01,PAID_SOCIAL,1179.61,USD,us
2019-04-01,EMAIL,202.84,USD,us
2019-04-01,AFFILIATE,521.17,USD,us
2019-05-01,ORGANIC,245.68,USD,us
2019-05-01,REFERRAL,366.29,USD,us
2019-05-01,PAID_SEARCH,1368.16,USD,us
2019-05-01,PAID_SOCIAL,1057.64,USD,us
2019-05-01,EMAIL,202.36,USD,us
2019-05-01,AFFILIATE,504.23,USD,us
2019-06-01,ORGANIC,223.88,USD,us
2019-06-01,REFERRAL,359.91,USD,us
2019-06-01,PAID_SEARCH,1222.36,USD,us
2019-06-01,PAID_SOCIAL,1184.25,USD,us
2019-06-01,EMAIL,203.79,USD,us
2019-06-01,AFFILIATE,481.85,USD,us
2019-07-01,ORGANIC,211.0,USD,us
2019-07-01,REFERRAL,320.89,USD,us
2019-07-01,PAID_SEARCH,1127.15,USD,us
2019-07-01,PAID_SOCIAL,962.31,USD,us
2019-07-01,EMAIL,165.78,USD,us
2019-07-01,AFFILIATE,460.71,USD,us
2019-08-01,ORGANIC,296.04,USD,us
2019-08-01,REFERRAL,355.76,USD,us
2019-08-01,PAID_SEARCH,1208.5,USD,us
2019-08-01,PAID_SOCIAL,1175.78,USD,us
2019-08-01,EMAIL,191.68,USD,us
2019-08-01,AFFILIATE,540.9,USD,us
2019-09-01,ORGANIC,206.75,USD,us
2019-09-01,REFERRAL,379.92,USD,us
2019-09-01,PAID_SEARCH,1138.05,USD,us
2019-09-01,PAID_SOCIAL,1358.61,USD,us
2019-09-01,EMAIL,241.15,USD,us
2019-09-01,AFFILIATE,582.67,USD,us
2019-10-01,ORGANIC,217.03,USD,us
2019-10-01,REFERRAL,438.27,USD,us
2019-10-01,PAID_SEARCH,1135.32,USD,us
2019-10-01,PAID_SOCIAL,1099.38,USD,us
2019-10-01,EMAIL,184.25,USD,us
2019-10-01,AFFILIATE,556.33,USD,us
2019-11-01,ORGANIC,852.39,USD,us
2019-11-01,REFERRAL,1240.88,USD,us
2019-11-01,PAID_SEARCH,4096.56,USD,us
2019-11-01,PAID_SOCIAL,4486.7,USD,us
2019-11-01,EMAIL,685.86,USD,us
2019-11-01,AFFILIATE,2075.43,USD,us
2019-12-01,ORGANIC,509.94,USD,us
2019-12-01,REFERRAL,1161.76,USD,us
2019-12-01,PAID_SEARCH,3048.56,USD,us
2019-12-01,PAID_SOCIAL,3364.44,USD,us
2019-12-01,EMAIL,519.1,USD,us
2019-12-01,AFFILIATE,1437.08,USD,us
2020-01-01,ORGANIC,155.92,USD,us
2020-01-01,REFERRAL,375.67,USD,us
2020-01-01,PAID_SEARCH,1066.18,USD,us
2020-01-01,PAID_SOCIAL,1043.79,USD,us
2020-01-01,EMAIL,174.05,USD,us
2020-01-01,AFFILIATE,461.05,USD,us
2020-02-01,ORGANIC,303.84,USD,us
2020-02-01,REFERRAL,419.7,USD,us
2020-02-01,PAID_SEARCH,1513.86,USD,us
2020-02-01,PAID_SOCIAL,1286.16,USD,us
2020-02-01,EMAIL,199.78,USD,us
2020-02-01,AFFILIATE,650.45,USD,us
2020-03-01,ORGANIC,233.72,USD,us
2020-03-01,REFERRAL,455.32,USD,us
2020-03-01,PAID_SEARCH,1365.89,USD,us
2020-03-01,PAID_SOCIAL,1099.83,USD,us
2020-03-01,EMAIL,200.75,USD,us
2020-03-01,AFFILIATE,621.98,USD,us
2020-04-01,ORGANIC,290.47,USD,us
2020-04-01,REFERRAL,453.37,USD,us
2020-04-01,PAID_SEARCH,1613.95,USD,us
2020-04-01,PAID_SOCIAL,1444.05,USD,us
2020-04-01,EMAIL,198.73,USD,us
2020-04-01,AFFILIATE,640.44,USD,us
2020-05-01,ORGANIC,258.33,USD,us
2020-05-01,REFERRAL,462.31,USD,us
2020-05-01,PAID_SEARCH,1418.31,USD,us
2020-05-01,PAID_SOCIAL,1286.38,USD,us
2020-05-01,EMAIL,210.56,USD,us
2020-05-01,AFFILIATE,673.91,USD,us
2020-06-01,ORGANIC,240.71,USD,us
2020-06-01,REFERRAL,454.77,USD,us
2020-06-01,PAID_SEARCH,1187.3,USD,us
2020-06-01,PAID_SOCIAL,1524.41,USD,us
2020-06-01,EMAIL,221.47,USD,us
2020-06-01,AFFILIATE,749.16,USD,us
2020-07-01,ORGANIC,202.1,USD,us
2020-07-01,REFERRAL,417.15,USD,us
2020-07-01,PAID_SEARCH,1310.54,USD,us
2020-07-01,PAID_SOCIAL,1145.49,USD,us
2020-07-01,EMAIL,172.09,USD,us
2020-07-01,AFFILIATE,488.15,USD,us
2020-08-01,ORGANIC,231.63,USD,us
2020-08-01,REFERRAL,407.68,USD,us
2020-08-01,PAID_SEARCH,1232.82,USD,us
2020-08-01,PAID_SOCIAL,1591.69,USD,us
2020-08-01,EMAIL,178.78,USD,us
2020-08-01,AFFILIATE,653.8,USD,us
2020-09-01,ORGANIC,279.31,USD,us
2020-09-01,REFERRAL,456.56,USD,us
2020-09-01,PAID_SEARCH,1472.65,USD,us
2020-09-01,PAID_SOCIAL,1502.56,USD,us
2020-09-01,EMAIL,201.0,USD,us
2020-09-01,AFFILIATE,649.84,USD,us
2020-10-01,ORGANIC,259.79,USD,us
2020-10-01,REFERRAL,498.21,USD,us
2020-10-01,PAID_SEARCH,1705.93,USD,us
2020-10-01,PAID_SOCIAL,1208.77,USD,us
2020-10-01,EMAIL,167.65,USD,us
2020-10-01,AFFILIATE,680.87,USD,us
2020-11-01,ORGANIC,1037.03,USD,us
2020-11-01,REFERRAL,1844.72,USD,us
2020-11-01,PAID_SEARCH,5298.67,USD,us
2020-11-01,PAID_SOCIAL,5474.87,USD,us
2020-11-01,EMAIL,858.58,USD,us
2020-11-01,AFFILIATE,2584.98,USD,us
2020-12-01,ORGANIC,757.2,USD,us
2020-12-01,REFERRAL,999.12,USD,us
2020-12-01,PAID_SEARCH,3662.61,USD,us
2020-12-01,PAID_SOCIAL,3675.98,USD,us
2020-12-01,EMAIL,541.54,USD,us
2020-12-01,AFFILIATE,1668.55,USD,us
2021-01-01,ORGANIC,229.72,USD,us
2021-01-01,REFERRAL,308.02,USD,us
2021-01-01,PAID_SEARCH,1193.66,USD,us
2021-01-01,PAID_SOCIAL,1169.69,USD,us
2021-01-01,EMAIL,144.06,USD,us
2021-01-01,AFFILIATE,442.63,USD,us
2021-02-01,ORGANIC,235.44,USD,us
2021-02-01,REFERRAL,499.18,USD,us
2021-02-01,PAID_SEARCH,1569.07,USD,us
2021-02-01,PAID_SOCIAL,1485.98,USD,us
2021-02-01,EMAIL,182.88,USD,us
2021-02-01,AFFILIATE,739.29,USD,us
2021-03-01,ORGANIC,278.78,USD,us
2021-03-01,REFERRAL,442.09,USD,us
2021-03-01,PAID_SEARCH,1426.83,USD,us
2021-03-01,PAID_SOCIAL,1581.09,USD,us
2021-03-01,EMAIL,235.69,USD,us
2021-03-01,AFFILIATE,685.24,USD,us
2021-04-01,ORGANIC,249.98,USD,us
2021-04-01,REFERRAL,473.3,USD,us
2021-04-01,PAID_SEARCH,1744.16,USD,us
2021-04-01,PAID_SOCIAL,1626.25,USD,us
2021-04-01,EMAIL,226.65,USD,us
2021-04-01,AFFILIATE,685.55,USD,us
2021-05-01,ORGANIC,258.46,USD,us
2021-05-01,REFERRAL,432.13,USD,us
2021-05-01,PAID_SEARCH,1316.64,USD,us
2021-05-01,PAID_SOCIAL,1811.06,USD,us
2021-05-01,EMAIL,235.52,USD,us
2021-05-01,AFFILIATE,714.47,USD,us
2021-06-01,ORGANIC,292.09,USD,us
2021-06-01,REFERRAL,492.23,USD,us
2021-06-01,PAID_SEARCH,1463.07,USD,us
2021-06-01,PAID_SOCIAL,1567.05,USD,us
2021-06-01,EMAIL,214.43,USD,us
2021-06-01,AFFILIATE,886.59,USD,us
2021-07-01,ORGANIC,265.75,USD,us
2021-07-01,REFERRAL,411.45,USD,us
2021-07-01,PAID_SEARCH,1525.54,USD,us
2021-07-01,PAID_SOCIAL,1547.45,USD,us
2021-07-01,EMAIL,164.93,USD,us
2021-07-01,AFFILIATE,588.91,USD,us
2021-08-01,ORGANIC,283.24,USD,us
2021-08-01,REFERRAL,505.17,USD,us
2021-08-01,PAID_SEARCH,1543.69,USD,us
2021-08-01,PAID_SOCIAL,1603.77,USD,us
2021-08-01,EMAIL,214.72,USD,us
2021-08-01,AFFILIATE,782.95,USD,us
2021-09-01,ORGANIC,242.76,USD,us
2021-09-01,REFERRAL,455.72,USD,us
2021-09-01,PAID_SEARCH,1287.93,USD,us
2021-09-01,PAID_SOCIAL,1452.96,USD,us
2021-09-01,EMAIL,232.25,USD,us
2021-09-01,AFFILIATE,732.45,USD,us
2021-10-01,ORGANIC,274.82,USD,us
2021-10-01,REFERRAL,529.57,USD,us
2021-10-01,PAID_SEARCH,1792.87,USD,us
2021-10-01,PAID_SOCIAL,1608.52,USD,us
2021-10-01,EMAIL,230.75,USD,us
2021-10-01,AFFILIATE,676.56,USD,us
2021-11-01,ORGANIC,1055.21,USD,us
2021-11-01,REFERRAL,1467.26,USD,us
2021-11-01,PAID_SEARCH,6519.21,USD,us
2021-11-01,PAID_SOCIAL,6315.33,USD,us
2021-11-01,EMAIL,693.42,USD,us
2021-11-01,AFFILIATE,2284.49,USD,us
2021-12-01,ORGANIC,768.7,USD,us
2021-12-01,REFERRAL,1195.89,USD,us
2021-12-01,PAID_SEARCH,4329.14,USD,us
2021-12-01,PAID_SOCIAL,4059.95,USD,us
2021-12-01,EMAIL,674.53,USD,us
2021-12-01,AFFILIATE,1843.95,USD,us
2022-01-01,ORGANIC,261.46,USD,us
2022-01-01,REFERRAL,381.59,USD,us
2022-01-01,PAID_SEARCH,1070.93,USD,us
2022-01-01,PAID_SOCIAL,1617.05,USD,us
2022-01-01,EMAIL,187.13,USD,us
2022-01-01,AFFILIATE,566.38,USD,us
2022-02-01,ORGANIC,320.17,USD,us
2022-02-01,REFERRAL,453.01,USD,us
2022-02-01,PAID_SEARCH,1449.43,USD,us
2022-02-01,PAID_SOCIAL,1903.3,USD,us
2022-02-01,EMAIL,274.08,USD,us
2022-02-01,AFFILIATE,810.33,USD,us
2022-03-01,ORGANIC,352.13,USD,us
2022-03-01,REFERRAL,582.08,USD,us
2022-03-01,PAID_SEARCH,1772.19,USD,us
2022-03-01,PAID_SOCIAL,2137.53,USD,us
2022-03-01,EMAIL,277.54,USD,us
2022-03-01,AFFILIATE,773.24,USD,us
2022-04-01,ORGANIC,294.3,USD,us
2022-04-01,REFERRAL,521.37,USD,us
2022-04-01,PAID_SEARCH,1341.99,USD,us
2022-04-01,PAID_SOCIAL,1964.88,USD,us
2022-04-01,EMAIL,258.22,USD,us
2022-04-01,AFFILIATE,790.75,USD,us
2022-05-01,ORGANIC,311.09,USD,us
2022-05-01,REFERRAL,511.91,USD,us
2022-05-01,PAID_SEARCH,1415.36,USD,us
2022-05-01,PAID_SOCIAL,2229.05,USD,us
2022-05-01,EMAIL,232.01,USD,us
2022-05-01,AFFILIATE,731.33,USD,us
2022-06-01,ORGANIC,341.56,USD,us
2022-06-01,REFERRAL,564.47,USD,us
2022-06-01,PAID_SEARCH,1816.84,USD,us
2022-06-01,PAID_SOCIAL,2058.33,USD,us
2022-06-01,EMAIL,213.05,USD,us
2022-06-01,AFFILIATE,773.18,USD,us
2022-07-01,ORGANIC,288.71,USD,us
2022-07-01,REFERRAL,407.43,USD,us
2022-07-01,PAID_SEARCH,1353.19,USD,us
2022-07-01,PAID_SOCIAL,1637.36,USD,us
2022-07-01,EMAIL,206.83,USD,us
2022-07-01,AFFILIATE,705.47,USD,us
2022-08-01,ORGANIC,259.28,USD,us
2022-08-01,REFERRAL,383.07,USD,us
2022-08-01,PAID_SEARCH,1931.47,USD,us
2022-08-01,PAID_SOCIAL,1704.3,USD,us
2022-08-01,EMAIL,226.17,USD,us
2022-08-01,AFFILIATE,609.31,USD,us
2022-09-01,ORGANIC,331.49,USD,us
2022-09-01,REFERRAL,532.16,USD,us
2022-09-01,PAID_SEARCH,1823.4,USD,us
2022-09-01,PAID_SOCIAL,1969.28,USD,us
2022-09-01,EMAIL,191.24,USD,us
2022-09-01,AFFILIATE,702.69,USD,us
2022-10-01,ORGANIC,287.14,USD,us
2022-10-01,REFERRAL,475.65,USD,us
2022-10-01,PAID_SEARCH,1720.53,USD,us
2022-10-01,PAID_SOCIAL,1958.34,USD,us
2022-10-01,EMAIL,265.11,USD,us
2022-10-01,AFFILIATE,664.11,USD,us
2022-11-01,ORGANIC,1051.61,USD,us
2022-11-01,REFERRAL,1927.56,USD,us
2022-11-01,PAID_SEARCH,5617.91,USD,us
2022-11-01,PAID_SOCIAL,6560.5,USD,us
2022-11-01,EMAIL,882.37,USD,us
2022-11-01,AFFILIATE,2731.26,USD,us
2022-12-01,ORGANIC,834.6,USD,us
2022-12-01,REFERRAL,1349.44,USD,us
2022-12-01,PAID_SEARCH,4454.82,USD,us
2022-12-01,PAID_SOCIAL,4386.58,USD,us
2022-12-01,EMAIL,641.73,USD,us
2022-12-01,AFFILIATE,2046.93,USD,us
2023-01-01,ORGANIC,200.98,USD,us
2023-01-01,REFERRAL,411.32,USD,us
2023-01-01,PAID_SEARCH,1562.34,USD,us
2023-01-01,PAID_SOCIAL,1474.51,USD,us
2023-01-01,EMAIL,167.28,USD,us
2023-01-01,AFFILIATE,554.34,USD,us
2023-02-01,ORGANIC,265.26,USD,us
2023-02-01,REFERRAL,666.58,USD,us
2023-02-01,PAID_SEARCH,1891.86,USD,us
2023-02-01,PAID_SOCIAL,2061.71,USD,us
2023-02-01,EMAIL,228.69,USD,us
2023-02-01,AFFILIATE,824.17,USD,us
2023-03-01,ORGANIC,296.61,USD,us
2023-03-01,REFERRAL,635.13,USD,us
2023-03-01,PAID_SEARCH,1733.42,USD,us
2023-03-01,PAID_SOCIAL,1908.33,USD,us
2023-03-01,EMAIL,271.95,USD,us
2023-03-01,AFFILIATE,848.24,USD,us
2023-04-01,ORGANIC,311.66,USD,us
2023-04-01,REFERRAL,586.35,USD,us
2023-04-01,PAID_SEARCH,2007.85,USD,us
2023-04-01,PAID_SOCIAL,2244.76,USD,us
2023-04-01,EMAIL,221.5,USD,us
2023-04-01,AFFILIATE,714.41,USD,us
2023-05-01,ORGANIC,296.44,USD,us
2023-05-01,REFERRAL,495.07,USD,us
2023-05-01,PAID_SEARCH,2034.09,USD,us
2023-05-01,PAID_SOCIAL,1849.65,USD,us
2023-05-01,EMAIL,246.2,USD,us
2023-05-01,AFFILIATE,842.6,USD,us
2023-06-01,ORGANIC,317.51,USD,us
2023-06-01,REFERRAL,577.43,USD,us
2023-06-01,PAID_SEARCH,1916.09,USD,us
2023-06-01,PAID_SOCIAL,2104.78,USD,us
2023-06-01,EMAIL,289.8,USD,us
2023-06-01,AFFILIATE,829.99,USD,us
2023-07-01,ORGANIC,309.41,USD,us
2023-07-01,REFERRAL,456.64,USD,us
2023-07-01,PAID_SEARCH,1680.92,USD,us
2023-07-01,PAID_SOCIAL,1890.42,USD,us
2023-07-01,EMAIL,224.13,USD,us
2023-07-01,AFFILIATE,698.22,USD,us
2023-08-01,ORGANIC,321.83,USD,us
2023-08-01,REFERRAL,640.28,USD,us
2023-08-01,PAID_SEARCH,2188.52,USD,us
2023-08-01,PAID_SOCIAL,2493.42,USD,us
2023-08-01,EMAIL,223.14,USD,us
2023-08-01,AFFILIATE,756.25,USD,us
2023-09-01,ORGANIC,325.71,USD,us
2023-09-01,REFERRAL,598.08,USD,us
2023-09-01,PAID_SEARCH,1877.94,USD,us
2023-09-01,PAID_SOCIAL,2097.99,USD,us
2023-09-01,EMAIL,293.65,USD,us
2023-09-01,AFFILIATE,916.25,USD,us
2023-10-01,ORGANIC,352.5,USD,us
2023-10-01,REFERRAL,530.77,USD,us
2023-10-01,PAID_SEARCH,1877.77,USD,us
2023-10-01,PAID_SOCIAL,2469.32,USD,us
2023-10-01,EMAIL,250.96,USD,us
2023-10-01,AFFILIATE,805.06,USD,us
2023-11-01,ORGANIC,1013.81,USD,us
2023-11-01,REFERRAL,1844.11,USD,us
2023-11-01,PAID_SEARCH,7539.37,USD,us
2023-11-01,PAID_SOCIAL,6701.93,USD,us
2023-11-01,EMAIL,958.79,USD,us
2023-11-01,AFFILIATE,2788.49,USD,us
2023-12-01,ORGANIC,811.37,USD,us
2023-12-01,REFERRAL,1422.61,USD,us
2023-12-01,PAID_SEARCH,5036.32,USD,us
2023-12-01,PAID_SOCIAL,5695.45,USD,us
2023-12-01,EMAIL,640.32,USD,us
2023-12-01,AFFILIATE,2101.94,USD,us
2024-01-01,ORGANIC,252.59,USD,us
2024-01-01,REFERRAL,389.67,USD,us
2024-01-01,PAID_SEARCH,1369.08,USD,us
2024-01-01,PAID_SOCIAL,1476.95,USD,us
2024-01-01,EMAIL,173.05,USD,us
2024-01-01,AFFILIATE,561.72,USD,us
2024-02-01,ORGANIC,343.17,USD,us
2024-02-01,REFERRAL,513.43,USD,us
2024-02-01,PAID_SEARCH,1535.84,USD,us
2024-02-01,PAID_SOCIAL,2268.47,USD,us
2024-02-01,EMAIL,250.53,USD,us
2024-02-01,AFFILIATE,807.21,USD,us
2024-03-01,ORGANIC,347.83,USD,us
2024-03-01,REFERRAL,403.49,USD,us
2024-03-01,PAID_SEARCH,2292.99,USD,us
2024-03-01,PAID_SOCIAL,2493.18,USD,us
2024-03-01,EMAIL,241.54,USD,us
2024-03-01,AFFILIATE,818.78,USD,us
2024-04-01,ORGANIC,334.85,USD,us
2024-04-01,REFERRAL,584.78,USD,us
2024-04-01,PAID_SEARCH,1855.21,USD,us
2024-04-01,PAID_SOCIAL,1890.68,USD,us
2024-04-01,EMAIL,312.2,USD,us
2024-04-01,AFFILIATE,939.42,USD,us
2024-05-01,ORGANIC,323.77,USD,us
2024-05-01,REFERRAL,565.04,USD,us
2024-05-01,PAID_SEARCH,2103.84,USD,us
2024-05-01,PAID_SOCIAL,2422.45,USD,us
2024-05-01,EMAIL,203.96,USD,us
2024-05-01,AFFILIATE,827.35,USD,us
2024-06-01,ORGANIC,304.27,USD,us
2024-06-01,REFERRAL,546.31,USD,us
2024-06-01,PAID_SEARCH,2133.45,USD,us
2024-06-01,PAID_SOCIAL,1851.6,USD,us
2024-06-01,EMAIL,222.96,USD,us
2024-06-01,AFFILIATE,798.98,USD,us
2024-07-01,ORGANIC,275.14,USD,us
2024-07-01,REFERRAL,511.26,USD,us
2024-07-01,PAID_SEARCH,1958.31,USD,us
2024-07-01,PAID_SOCIAL,1862.12,USD,us
2024-07-01,EMAIL,237.26,USD,us
2024-07-01,AFFILIATE,780.58,USD,us
2024-08-01,ORGANIC,336.04,USD,us
2024-08-01,REFERRAL,553.93,USD,us
2024-08-01,PAID_SEARCH,1901.63,USD,us
2024-08-01,PAID_SOCIAL,2015.03,USD,us
2024-08-01,EMAIL,228.56,USD,us
2024-08-01,AFFILIATE,887.2,USD,us
2024-09-01,ORGANIC,317.03,USD,us
2024-09-01,REFERRAL,532.21,USD,us
2024-09-01,PAID_SEARCH,2112.45,USD,us
2024-09-01,PAID_SOCIAL,2210.1,USD,us
2024-09-01,EMAIL,234.19,USD,us
2024-09-01,AFFILIATE,834.59,USD,us
2024-10-01,ORGANIC,344.93,USD,us
2024-10-01,REFERRAL,498.45,USD,us
2024-10-01,PAID_SEARCH,2022.22,USD,us
2024-10-01,PAID_SOCIAL,2242.82,USD,us
2024-10-01,EMAIL,238.12,USD,us
2024-10-01,AFFILIATE,832.28,USD,us
2024-11-01,ORGANIC,940.34,USD,us
2024-11-01,REFERRAL,1964.79,USD,us
2024-11-01,PAID_SEARCH,5986.57,USD,us
2024-11-01,PAID_SOCIAL,8740.14,USD,us
2024-11-01,EMAIL,893.75,USD,us
2024-11-01,AFFILIATE,2829.42,USD,us
2024-12-01,ORGANIC,924.99,USD,us
2024-12-01,REFERRAL,1294.75,USD,us
2024-12-01,PAID_SEARCH,4764.95,USD,us
2024-12-01,PAID_SOCIAL,4791.18,USD,us
2024-12-01,EMAIL,757.84,USD,us
2024-12-01,AFFILIATE,2646.86,USD,us
2025-01-01,ORGANIC,185.79,USD,us
2025-01-01,REFERRAL,356.99,USD,us
2025-01-01,PAID_SEARCH,1396.22,USD,us
2025-01-01,PAID_SOCIAL,1497.31,USD,us
2025-01-01,EMAIL,179.84,USD,us
2025-01-01,AFFILIATE,593.15,USD,us
2025-02-01,ORGANIC,331.76,USD,us
2025-02-01,REFERRAL,501.92,USD,us
2025-02-01,PAID_SEARCH,2018.93,USD,us
2025-02-01,PAID_SOCIAL,2003.59,USD,us
2025-02-01,EMAIL,247.11,USD,us
2025-02-01,AFFILIATE,708.52,USD,us
2025-03-01,ORGANIC,305.87,USD,us
2025-03-01,REFERRAL,523.48,USD,us
2025-03-01,PAID_SEARCH,2167.67,USD,us
2025-03-01,PAID_SOCIAL,2241.95,USD,us
2025-03-01,EMAIL,260.89,USD,us
2025-03-01,AFFILIATE,855.51,USD,us
2025-04-01,ORGANIC,250.9,USD,us
2025-04-01,REFERRAL,444.39,USD,us
2025-04-01,PAID_SEARCH,1917.65,USD,us
2025-04-01,PAID_SOCIAL,2318.14,USD,us
2025-04-01,EMAIL,251.67,USD,us
2025-04-01,AFFILIATE,783.35,USD,us
2025-05-01,ORGANIC,311.11,USD,us
2025-05-01,REFERRAL,537.12,USD,us
2025-05-01,PAID_SEARCH,2135.07,USD,us
2025-05-01,PAID_SOCIAL,2418.38,USD,us
2025-05-01,EMAIL,243.46,USD,us
2025-05-01,AFFILIATE,853.15,USD,us
2025-06-01,ORGANIC,327.57,USD,us
2025-06-01,REFERRAL,578.86,USD,us
2025-06-01,PAID_SEARCH,2308.11,USD,us
2025-06-01,PAID_SOCIAL,2248.97,USD,us
2025-06-01,EMAIL,287.85,USD,us
2025-06-01,AFFILIATE,757.97,USD,us
2025-07-01,ORGANIC,253.68,USD,us
2025-07-01,REFERRAL,371.18,USD,us
2025-07-01,PAID_SEARCH,1709.13,USD,us
2025-07-01,PAID_SOCIAL,2041.15,USD,us
2025-07-01,EMAIL,163.09,USD,us
2025-07-01,AFFILIATE,742.54,USD,us
2025-08-01,ORGANIC,338.03,USD,us
2025-08-01,REFERRAL,585.67,USD,us
2025-08-01,PAID_SEARCH,1743.9,USD,us
2025-08-01,PAID_SOCIAL,2429.68,USD,us
2025-08-01,EMAIL,257.97,USD,us
2025-08-01,AFFILIATE,908.11,USD,us
2025-09-01,ORGANIC,314.76,USD,us
2025-09-01,REFERRAL,576.44,USD,us
2025-09-01,PAID_SEARCH,2200.48,USD,us
2025-09-01,PAID_SOCIAL,2209.3,USD,us
2025-09-01,EMAIL,265.05,USD,us
2025-09-01,AFFILIATE,964.6,USD,us
2025-10-01,ORGANIC,314.52,USD,us
2025-10-01,REFERRAL,492.79,USD,us
2025-10-01,PAID_SEARCH,2114.68,USD,us
2025-10-01,PAID_SOCIAL,2578.93,USD,us
2025-10-01,EMAIL,290.94,USD,us
2025-10-01,AFFILIATE,918.74,USD,us
2025-11-01,ORGANIC,854.16,USD,us
2025-11-01,REFERRAL,1819.9,USD,us
2025-11-01,PAID_SEARCH,6527.41,USD,us
2025-11-01,PAID_SOCIAL,7929.02,USD,us
2025-11-01,EMAIL,1054.34,USD,us
2025-11-01,AFFILIATE,2676.75,USD,us
2025-12-01,ORGANIC,1014.63,USD,us
2025-12-01,REFERRAL,1388.53,USD,us
2025-12-01,PAID_SEARCH,4755.05,USD,us
2025-12-01,PAID_SOCIAL,6359.43,USD,us
2025-12-01,EMAIL,732.03,USD,us
2025-12-01,AFFILIATE,2374.23,USD,us
